"name","adress"
"株式会社中野","石川県羽咋郡志賀町高浜町ノの５３７番地３"
"株式会社ジャパンピットサービス","大阪府豊中市庄本町３丁目１１番４号"
"ライフ・プロジェクト株式会社","大阪府大阪市北区天神橋７丁目１２番６号"
"常磐紙器株式会社","東京都千代田区外神田６丁目２番４号"
"株式会社伸栄","岐阜県美濃加茂市西町６丁目１３８番地１"
"株式会社昇組工業","山口県岩国市立石町２丁目１１番１３号"
"有限会社江渕設備","富山県富山市布目８９０番地"
"株式会社秀宝","大阪府東大阪市今米２丁目５番３５号"
"日本モルデン株式会社","沖縄県那覇市銘苅２丁目３番１号なは産業支援センター４０５"
"株式会社ユタカ","大阪府泉佐野市中庄９１５番地の１"
"有限会社沖工務店","東京都江東区新大橋３丁目１番２１号"
"有限会社昭和エクステリア","千葉県千葉市稲毛区宮野木町１７５５番地８８"
"株式会社エム・エフ・ケイ","大阪府河内長野市西代町６番２１号"
"株式会社ニッケンホールディングス","埼玉県さいたま市南区別所６丁目４番２５号"
"株式会社ライズ","福岡県北九州市小倉北区日明５丁目１番８号"
"株式会社美坂","長崎県諫早市西栄田町４４４番地９"
"有限会社遠藤こんにゃく店","福島県石川郡石川町大字山形字菖蒲沢２５番地"
"合資会社アチーバー","神奈川県横浜市保土ケ谷区法泉３丁目４－１４"
"株式会社あいであ工房","埼玉県狭山市大字中新田４８４番地８"
"株式会社暁金属","奈良県奈良市藺生町７３４番８"
"ユカロン札幌株式会社","北海道札幌市東区伏古三条５丁目４番７号"
"株式会社三浦運輸倉庫","静岡県静岡市葵区岳美１２番４号"
"株式会社寺田工務店","東京都日野市豊田３丁目３１番地の３９"
"中西興産株式会社","大阪府大阪市北区天満橋３丁目３番５号"
"有限会社小川電気設備","茨城県つくば市山中２６７番地"
"有限会社角山工務店","埼玉県草加市北谷２丁目３番１６号"
"株式会社バドックス","大阪府大阪市住吉区遠里小野１丁目５番５号"
"有限会社ワイ・エス・ピー伏見","京都府京都市伏見区桃山町伊賀７９番地１"
"有限会社エステート斎剛","宮城県仙台市泉区七北田字日野１番地の３"
"有限会社トーヨーフーズサプライ","大阪府豊中市利倉２丁目１８番１６号"
"有限会社丸洋","宮城県仙台市青葉区台原３丁目１７番１号"
"有限会社アーバンエクステリア","千葉県市原市ちはら台西４丁目３番地２１"
"西本建設有限会社","徳島県阿南市富岡町西石塚３０番地の２"
"株式会社西澤工業","長野県長野市大字川合新田２８８９番地６"
"株式会社三洋食品","北海道網走市大曲１丁目１４番１９号"
"株式会社ボンズ","大阪府豊中市宮山町４丁目２５番１号"
"株式会社千葉テック","千葉県八街市八街ほ７２４番地１"
"株式会社デジモール","北海道札幌市中央区南二条西５丁目６番地１ロジェ札幌２５－１１０６号"
"小柳電機株式会社","北海道標津郡中標津町大通南２丁目２番地"
"三和電子機器株式会社","大阪府東大阪市吉田本町１丁目２番５０号"
"エスジーハイヤー株式会社","北海道二海郡八雲町花浦８７番地１０"
"有限会社丸中ドレス","栃木県鹿沼市白桑田５１０番地６"
"株式会社高橋建築研究所","福島県二本松市亀谷１丁目２７８番地の２"
"株式会社備中鉄建工業所","福島県福島市上名倉字染北２番地の１９"
"株式会社スターホーム","神奈川県横浜市中区山下町２２３－１"
"株式会社日向工業所","神奈川県横浜市磯子区杉田４丁目８番２６号"
"株式会社グリーンエコ","兵庫県三田市駅前町１６番１号"
"株式会社佐沼製作所","東京都葛飾区宝町２丁目５番５号"
"有限会社塩見住宅","京都府福知山市字新庄２２５番地３"
"有限会社高山食品","宮崎県児湯郡都農町大字川北４７６１番地２"
"有限会社白光堂印房","大分県大分市府内町３丁目５番３号"
"緑藻工業株式会社","栃木県那須塩原市西朝日町１番４２号１－２０１"
"株式会社大和屋","秋田県大館市釈迦内字山神社後３０番地１７"
"株式会社英美志","千葉県松戸市五香西１丁目５番地６"
"株式会社三愛調査事務所","福井県大野市横枕第６号８番地"
"ボサード株式会社","東京都港区芝浦４丁目１５番３３号"
"シャープエネルギーソリューション株式会社","大阪府八尾市北亀井町３丁目１番７２号"
"株式会社パラダイムシフト","東京都渋谷区渋谷２丁目１２番８号中村ビル７階"
"有限会社宮代工芸","神奈川県平塚市御殿３丁目２０番１６号"
"有限会社豊印刷","茨城県ひたちなか市西大島１丁目２０番８号"
"有限会社上野タクシー","兵庫県宍粟市波賀町上野１６９番地の８"
"有限会社ふじや百貨店","東京都葛飾区新小岩４丁目１１番９号"
"有限会社関西テクノデザイン","兵庫県神戸市垂水区五色山４丁目２０番１２号"
"株式会社ニシ","京都府京都市伏見区久我石原町２番地１１０"
"卓洋運輸有限会社","宮崎県日向市大字日知屋字前畑３３７９番地２５"
"株式会社伸栄運輸","長崎県諫早市高来町東平原２６６番地１"
"株式会社ダスキン前橋","群馬県前橋市朝倉町４丁目３番地４"
"細山田開発株式会社","鹿児島県鹿児島市下荒田４丁目３４番１６号"
"荒井養蜂場株式会社","北海道北広島市大曲南ヶ丘３丁目１番地２"
"株式会社湯山精工","山梨県南都留郡忍野村内野４９４０番地"
"有限会社このゆびとまれ","宮城県大崎市松山千石字亀田３００番地の６"
"中山看板株式会社","京都府京都市伏見区深草谷口町７０番地の４７"
"岡崎建設株式会社","愛媛県西条市旦之上甲１４４６番地"
"有限会社藤ホーム","埼玉県春日部市備後西４丁目５番２３号１０２"
"株式会社玉川繊維工業所","東京都世田谷区松原３丁目４０番７号"
"有限会社カネキ深澤組","静岡県静岡市清水区駒越中２丁目３番３号"
"ワコン・ウエダ株式会社","奈良県生駒市北田原町１１８６番地の１３"
"株式会社浦崎トレーディング","神奈川県横浜市中区住吉町６丁目６７番地１アール・ケープラザベイサイトヴュー横濱８０３"
"株式会社アイビイケイ","東京都葛飾区亀有１丁目２７番４号"
"南総建株式会社","福島県南会津郡南会津町山口字堀田７９１番地"
"東交バス株式会社","香川県高松市朝日新町３２番１０号"
"戎丸商事株式会社","和歌山県和歌山市築港１丁目１番地"
"理研運輸株式会社","大阪府箕面市粟生新家１丁目２番８号"
"株式会社宮本","兵庫県神戸市須磨区妙法寺字津江田９３７番地の１"
"有限会社吉田自動車販売","岐阜県美濃加茂市本郷町６丁目１１番１９号"
"株式会社ナック中島自動車","愛知県豊橋市東脇１丁目２１番地の４"
"株式会社ますや旅館","長野県小県郡青木村大字田澤２６８６番地"
"有限会社鹿行オートグラス","茨城県神栖市平泉東２丁目８番地２"
"株式会社浅草製作所","埼玉県越谷市東大沢４丁目２７番地１８"
"日本ジー・ティー株式会社","東京都目黒区目黒本町３丁目１２番１５号"
"有限会社ワークコーポレーション","神奈川県藤沢市宮原３３３８番地３"
"株式会社タキソウ","愛知県豊田市下林町２丁目６５番地"
"株式会社妹尾電設","静岡県富士市吉原１丁目７番２６号"
"株式会社ある部品","埼玉県さいたま市中央区上落合８丁目２番１２号"
"株式会社久門精機","愛知県名古屋市緑区野末町７０３番地"
"株式会社角田空調","愛知県清須市朝日貝塚４番地"
"東都発条株式会社","埼玉県川越市大字鴨田字大町１３８０番地"
"株式会社ミナワ","静岡県静岡市葵区産女１０６０番地の１"
"株式会社サイプレス","広島県広島市西区三篠北町１８番４－２０１号"
"株式会社タグチ","神奈川県秦野市本町１丁目２番１２号"
